<?xml version="1.0"?>
<doc>
    <assembly>
        <name>SteamCloudSave.GoogleDriveExtension</name>
    </assembly>
    <members>
        <member name="T:SteamCloudSave.GoogleDriveExtension.GoogleDriveCloudStorage">
            <summary>
            Implementation of cloud storage for the Google Drive platform. (AppData access variant)
            </summary>
        </member>
        <member name="P:SteamCloudSave.GoogleDriveExtension.GoogleDriveCloudStorage.Name">
            <summary>
            Gets the display name of the current <see cref="T:SteamCloudSave.Core.ICloudStorage"/> instance.
            </summary>
        </member>
        <member name="M:SteamCloudSave.GoogleDriveExtension.GoogleDriveCloudStorage.#ctor(System.String,System.String,System.String)">
            <summary>
            Initializes the <see cref="T:SteamCloudSave.GoogleDriveExtension.GoogleDriveCloudStorage"/> instance.
            </summary>
            <param name="applicationName">The Google Drive application name.</param>
            <param name="clientId">The Google Drive application client identifier.</param>
            <param name="clientSecret">The Google Drive application client secret.</param>
        </member>
        <member name="M:SteamCloudSave.GoogleDriveExtension.GoogleDriveCloudStorage.InitializeAsync(System.Threading.CancellationToken)">
            <summary>
            Initializes the Google Drive library, and ignites the authorization process if needed.
            </summary>
            <returns>Returns a task to be awaited until the initialization process is done.</returns>
        </member>
        <member name="M:SteamCloudSave.GoogleDriveExtension.GoogleDriveCloudStorage.ListFilesAsync(System.String,System.Threading.CancellationToken)">
            <summary>
            Lists the files available in the remote app folder on the Google Drive.
            </summary>
            <param name="path">The path where to list files.</param>
            <param name="cancellationToken"></param>
            <returns>Returns an array of remote files.</returns>
        </member>
        <member name="M:SteamCloudSave.GoogleDriveExtension.GoogleDriveCloudStorage.DownloadAsync(SteamCloudSave.Core.CloudStorageFileInfo,System.Threading.CancellationToken)">
            <summary>
            Downloads a remote file from Google Drive, as a readable stream.
            </summary>
            <param name="fileInfo">The file identifier representing the remote file to download from Google Drive.</param>
            <param name="cancellationToken"></param>
            <returns>Returns a readable stream representing the remote file to download.</returns>
        </member>
        <member name="M:SteamCloudSave.GoogleDriveExtension.GoogleDriveCloudStorage.UploadAsync(System.String,System.IO.Stream,System.Threading.CancellationToken)">
            <summary>
            Uploads a local file to Google Drive.
            </summary>
            <param name="remoteFilename">The full filename to be given to the remote file.</param>
            <param name="stream">A readable stream containing the local file content to upload to Google Drive.</param>
            <param name="cancellationToken"></param>
            <returns>Returns a task to be awaited until upload is done.</returns>
        </member>
        <member name="M:SteamCloudSave.GoogleDriveExtension.GoogleDriveCloudStorage.DeleteAsync(SteamCloudSave.Core.CloudStorageFileInfo,System.Threading.CancellationToken)">
            <summary>
            Deletes a file from Google Drive.
            </summary>
            <param name="fileInfo">The file information representing the remote file to delete.</param>
            <param name="cancellationToken"></param>
            <returns>Returns a task to be awaited until delteion is done, true meaning success and false meaning a failure occured.</returns>
        </member>
        <member name="M:SteamCloudSave.GoogleDriveExtension.GoogleDriveCloudStorage.DeleteManyAsync(System.Collections.Generic.IEnumerable{SteamCloudSave.Core.CloudStorageFileInfo},System.TimeSpan,System.Threading.CancellationToken)">
            <summary>
            Deletes multiple remote files from Google Drive.
            </summary>
            <param name="fileInfo">The file information representing the remote files to delete.</param>
            <param name="perFileTimeout"></param>
            <param name="cancellationToken"></param>
            <returns>Returns a task to be awaited until deletion is done, true meaning success and false meaning a failure occured.</returns>
        </member>
        <member name="M:SteamCloudSave.GoogleDriveExtension.GoogleDriveCloudStorage.DisposeAsync">
            <summary>
            Disposes the Google Drive library.
            </summary>
        </member>
    </members>
</doc>
