<?xml version="1.0"?>
<doc>
    <assembly>
        <name>SteamCloudSave.Core</name>
    </assembly>
    <members>
        <member name="T:SteamCloudSave.Core.ConfigurationUtility">
            <summary>
            Provides helper methods related to configuration for Cloud Storage extensions.
            </summary>
        </member>
        <member name="P:SteamCloudSave.Core.ConfigurationUtility.ExtensionsConfigurationPath">
            <summary>
            Gets the full path where configuration files for extensions are located.
            </summary>
        </member>
        <member name="M:SteamCloudSave.Core.ConfigurationUtility.GetExtensionConfigurationFilePath(System.Type)">
            <summary>
            Gets the full filename of a configuration file for the given extension.
            </summary>
            <param name="extensionType">The class that implements the extension.</param>
            <returns>Returns the full filename of a configuration file for the given extension, or null if <paramref name="extensionType"/> is null.</returns>
        </member>
        <member name="M:SteamCloudSave.Core.ConfigurationUtility.CreateConfigurationFile(System.Type,System.Collections.Generic.IDictionary{System.String,System.String})">
            <summary>
            Creates a default extension configuration file.
            If one <paramref name="extensionType"/> or <paramref name="configuration"/> is null, or if <paramref name="configuration"/> is empty, nothing is done.
            </summary>
            <param name="extensionType">The class that implements the extension.</param>
            <param name="configuration">The key value pairs to store in the configuration file.</param>
        </member>
        <member name="M:SteamCloudSave.Core.ConfigurationUtility.ReadConfigurationFile(System.Type)">
            <summary>
            Reads the configuration file of a given extension.
            If <paramref name="extensionType"/> is null, an empty dictionary is returned.
            </summary>
            <param name="extensionType">The class that implements the extension.</param>
            <returns>Returns a dictionary containing the key/value pairs contained in the configuration file.
            If <paramref name="extensionType"/> is null, an empty dictionary is returned.</returns>
        </member>
        <member name="T:SteamCloudSave.Core.IClipboardService">
            <summary>
            Abstracts a way to access the clipboard.
            </summary>
        </member>
        <member name="M:SteamCloudSave.Core.IClipboardService.GetTextAsync">
            <summary>
            Gets text from the clipboard.
            </summary>
            <returns>Returns the string content in the clipboard.</returns>
        </member>
        <member name="M:SteamCloudSave.Core.IClipboardService.SetTextAsync(System.String)">
            <summary>
            Sets text to the clipboard.
            </summary>
            <param name="value">The value to store in the clipboard.</param>
        </member>
        <member name="T:SteamCloudSave.Core.CloudStorageFileInfo">
            <summary>
            Cloud storage file information.
            </summary>
        </member>
        <member name="F:SteamCloudSave.Core.CloudStorageFileInfo.TimestampFormat">
            <summary>
            Date and time format used to prefix filenames.
            </summary>
        </member>
        <member name="P:SteamCloudSave.Core.CloudStorageFileInfo.StoreTimestamp">
            <summary>
            Gets the date and time when the file was stored to the cloud.
            </summary>
        </member>
        <member name="P:SteamCloudSave.Core.CloudStorageFileInfo.LocalFilename">
            <summary>
            Gets the name of the file stored, or to be stored, on the local machine.
            </summary>
        </member>
        <member name="P:SteamCloudSave.Core.CloudStorageFileInfo.RemoteFileIdentifier">
            <summary>
            Gets an identifier that uniquely represent a file on the remote cloud.
            </summary>
        </member>
        <member name="M:SteamCloudSave.Core.CloudStorageFileInfo.ParseCloudStorageFileInfo(System.String,System.String)">
            <summary>
            Initializes a <see cref="T:SteamCloudSave.Core.CloudStorageFileInfo"/> instance.
            </summary>
            <param name="localFilename">The name of the file stored, or to be stored, on the local machine.</param>
            <param name="remoteFileIdentifier">The identifier that uniquely represent a file on the remote cloud.</param>
            <returns>Returns a <see cref="T:SteamCloudSave.Core.CloudStorageFileInfo"/> instance.</returns>
        </member>
        <member name="M:SteamCloudSave.Core.CloudStorageFileInfo.ToString">
            <summary>
            Returns a string representation of the current file information.
            </summary>
            <returns>Returns a string representation of the current file information.</returns>
        </member>
        <member name="T:SteamCloudSave.Core.ICloudStorage">
            <summary>
            Represents an application-independent cloud storage.
            </summary>
        </member>
        <member name="P:SteamCloudSave.Core.ICloudStorage.Name">
            <summary>
            Gets the display name of the current <see cref="T:SteamCloudSave.Core.ICloudStorage"/> instance.
            </summary>
        </member>
        <member name="M:SteamCloudSave.Core.ICloudStorage.InitializeAsync(System.Threading.CancellationToken)">
            <summary>
            Initializes the cloud storage.
            </summary>
            <returns>Returns a task to be awaited until initialization is done.</returns>
        </member>
        <member name="M:SteamCloudSave.Core.ICloudStorage.ListFilesAsync(System.String,System.Threading.CancellationToken)">
            <summary>
            Lists the available remote save data in the cloud storage.
            </summary>
            <param name="path">The path where to list files.</param>
            <param name="cancellationToken"></param>
            <returns>Returns an array of remote files.</returns>
        </member>
        <member name="M:SteamCloudSave.Core.ICloudStorage.DownloadAsync(SteamCloudSave.Core.CloudStorageFileInfo,System.Threading.CancellationToken)">
            <summary>
            Downloads a remote file to a local stream.
            </summary>
            <param name="fileInfo">The file information representing the remote file to download.</param>
            <param name="cancellationToken"></param>
            <returns>Returns a task to be awaited producing a stream containing the content of the remote file.</returns>
        </member>
        <member name="M:SteamCloudSave.Core.ICloudStorage.UploadAsync(System.String,System.IO.Stream,System.Threading.CancellationToken)">
            <summary>
            Uploads a local file to the cloud storage.
            </summary>
            <param name="remoteFilename">The full filename to be given to the remote file.</param>
            <param name="stream">A readable stream containing the local file content to upload to the cloud storage.</param>
            <param name="cancellationToken"></param>
            <returns>Returns a task to be awaited until upload is done, true meaning success and false meaning a failure occured.</returns>
        </member>
        <member name="M:SteamCloudSave.Core.ICloudStorage.DeleteAsync(SteamCloudSave.Core.CloudStorageFileInfo,System.Threading.CancellationToken)">
            <summary>
            Delete a remote file from the cloud storage.
            </summary>
            <param name="fileInfo">The file information representing the remote file to delete.</param>
            <param name="cancellationToken"></param>
            <returns>Returns a task to be awaited until deletion is done, true meaning success and false meaning a failure occured.</returns>
        </member>
        <member name="M:SteamCloudSave.Core.ICloudStorage.DeleteManyAsync(System.Collections.Generic.IEnumerable{SteamCloudSave.Core.CloudStorageFileInfo},System.TimeSpan,System.Threading.CancellationToken)">
            <summary>
            Delete multiple remote files from the cloud storage.
            </summary>
            <param name="fileInfo">The file information representing the remote files to delete.</param>
            <param name="perFileTimeout">Time allowed per file deletion.</param>
            <param name="cancellationToken"></param>
            <returns>Returns a task to be awaited until deletion is done, true meaning success and false meaning a failure occured.</returns>
        </member>
        <member name="T:SteamCloudSave.Core.ButtonTypes">
            <summary>
            The available type of buttons for the message dialog.
            </summary>
        </member>
        <member name="F:SteamCloudSave.Core.ButtonTypes.OK">
            <summary>
            The message box displays an OK button.
            </summary>
        </member>
        <member name="F:SteamCloudSave.Core.ButtonTypes.OKCancel">
            <summary>
            The message box displays OK and Cancel buttons.
            </summary>
        </member>
        <member name="F:SteamCloudSave.Core.ButtonTypes.OKAbort">
            <summary>
            The message box displays OK and Abort buttons.
            </summary>
        </member>
        <member name="F:SteamCloudSave.Core.ButtonTypes.YesNoCancel">
            <summary>
            The message box displays Yes, No, and Cancel buttons.
            </summary>
        </member>
        <member name="F:SteamCloudSave.Core.ButtonTypes.YesNoAbort">
            <summary>
            The message box displays Yes, No and Abort buttons.
            </summary>
        </member>
        <member name="F:SteamCloudSave.Core.ButtonTypes.YesNo">
            <summary>
            The message box displays Yes and No buttons.
            </summary>
        </member>
        <member name="T:SteamCloudSave.Core.IconType">
            <summary>
            The available type of icons for the message dialog.
            </summary>
        </member>
        <member name="F:SteamCloudSave.Core.IconType.Information">
            <summary>
            An information sign.
            </summary>
        </member>
        <member name="F:SteamCloudSave.Core.IconType.Warning">
            <summary>
            A warning sign.
            </summary>
        </member>
        <member name="F:SteamCloudSave.Core.IconType.Error">
            <summary>
            An error sign.
            </summary>
        </member>
        <member name="T:SteamCloudSave.Core.ButtonResult">
            <summary>
            The button clicked by the user.
            </summary>
        </member>
        <member name="F:SteamCloudSave.Core.ButtonResult.OK">
            <summary>
            The user clicked the OK button.
            </summary>
        </member>
        <member name="F:SteamCloudSave.Core.ButtonResult.Yes">
            <summary>
            The user clicked the Yes button.
            </summary>
        </member>
        <member name="F:SteamCloudSave.Core.ButtonResult.No">
            <summary>
            The user clicked the No button.
            </summary>
        </member>
        <member name="F:SteamCloudSave.Core.ButtonResult.Abort">
            <summary>
            The user clicked the Abort button.
            </summary>
        </member>
        <member name="F:SteamCloudSave.Core.ButtonResult.Cancel">
            <summary>
            The user clicked the Cancel button.
            </summary>
        </member>
        <member name="F:SteamCloudSave.Core.ButtonResult.None">
            <summary>
            The user clicked no buttons.
            </summary>
        </member>
        <member name="T:SteamCloudSave.Core.IMessageBoxService">
            <summary>
            Abstracts a message dialog.
            </summary>
        </member>
        <member name="M:SteamCloudSave.Core.IMessageBoxService.ShowAsync(System.String,System.String,SteamCloudSave.Core.ButtonTypes,SteamCloudSave.Core.IconType)">
            <summary>
            Shows a message box on screen.
            </summary>
            <param name="message">The main message of the dialog box.</param>
            <param name="title">The title of the dialog box.</param>
            <param name="buttonTypes">The buttons displayed.</param>
            <param name="iconType">The icon displayed.</param>
        </member>
        <member name="T:SteamCloudSave.Core.ArchiveMode">
            <summary>
            Defines what is archived.
            </summary>
        </member>
        <member name="F:SteamCloudSave.Core.ArchiveMode.WholeFolder">
            <summary>
            The whole root folder is archived.
            </summary>
        </member>
        <member name="F:SteamCloudSave.Core.ArchiveMode.SubFolders">
            <summary>
            All sub-folders of first level only are archived independently from each others, files are ignored.
            </summary>
        </member>
        <member name="T:SteamCloudSave.Core.SaveDataUtility">
            <summary>
            Provides helper methods related to game save data management.
            </summary>
        </member>
        <member name="M:SteamCloudSave.Core.SaveDataUtility.#ctor(System.String,SteamCloudSave.Core.ArchiveMode)">
            <summary>
            Initializes the <see cref="T:SteamCloudSave.Core.SaveDataUtility"/> instance.
            </summary>
            <param name="saveDataPath">Full path where save data is located.</param>
            <param name="archiveMode">Tells what is archived.</param>
        </member>
        <member name="P:SteamCloudSave.Core.SaveDataUtility.SaveDataPath">
            <summary>
            Gets the full path where save data files are located.
            This is outside the application folder.
            </summary>
        </member>
        <member name="P:SteamCloudSave.Core.SaveDataUtility.GameRootDirectoryName">
            <summary>
            Gets the game save data directory name.
            </summary>
        </member>
        <member name="P:SteamCloudSave.Core.SaveDataUtility.BackupsPath">
            <summary>
            Gets the fill path where save data backups are stored.
            This is inside the application folder.
            </summary>
        </member>
        <member name="M:SteamCloudSave.Core.SaveDataUtility.GetSaveDataArchive">
            <summary>
            Gets a stream containing the compressed content of the given folder.
            </summary>
            <returns>Returns a stream containing the compressed content of the given folder.</returns>
        </member>
        <member name="M:SteamCloudSave.Core.SaveDataUtility.ExtractSaveDataArchive(System.IO.Stream)">
            <summary>
            Uncompress a stream and extracts contained files on the local storage.
            </summary>
            <param name="archiveStream">A stream containing the compressed files.</param>
            <returns>Returns a task to be awaited until the extraction process is done.</returns>
        </member>
        <member name="M:SteamCloudSave.Core.SaveDataUtility.BackupLocalSaveData">
            <summary>
            Backs up all the local save data to the backup folder, in a compressed form.
            </summary>
            <returns>Returns a task to be awaited until the backup process is done.</returns>
        </member>
        <member name="T:SteamCloudSave.Core.SecurityUtility">
            <summary>
            Provides helper methods related to security.
            </summary>
        </member>
        <member name="M:SteamCloudSave.Core.SecurityUtility.ProtectString(System.String)">
            <summary>
            Protects (encrypts) a string on Windows, returns the input string as is on other platforms.
            </summary>
            <param name="unprotectedValue">The unprotected string value to protect.</param>
            <returns>Returns a base64 encoded protected string, or null on error.</returns>
        </member>
        <member name="M:SteamCloudSave.Core.SecurityUtility.ProtectBuffer(System.Byte[])">
            <summary>
            Protects (encrypts) a byte array on Windows, encodes to base 64 on other platforms.
            </summary>
            <param name="unprotectedBinaryValue">The unprotected byte array value to protect.</param>
            <returns>Returns a base64 encoded protected string, or null on error.</returns>
        </member>
        <member name="M:SteamCloudSave.Core.SecurityUtility.UnprotectString(System.String)">
            <summary>
            Unprotects (decrypts) a string on Windows, returns the input string as is on other platforms.
            </summary>
            <param name="protectedValue">The base64 encoded protected string to unprotect.</param>
            <returns>Returns unprotected string value, or null on error.</returns>
        </member>
        <member name="M:SteamCloudSave.Core.SecurityUtility.UnprotectBuffer(System.String)">
            <summary>
            Unprotects (decrypts) a byte array on Windows, decode from base 64 on other platforms.
            </summary>
            <param name="protectedValue">The base64 encoded protected byte array to unprotect.</param>
            <returns>Returns unprotected byte array value, or null on error.</returns>
        </member>
    </members>
</doc>
