<?xml version="1.0"?>
<doc>
    <assembly>
        <name>SteamCloudSave.DropboxExtension</name>
    </assembly>
    <members>
        <member name="T:SteamCloudSave.DropboxExtension.DropboxCloudStorage">
            <summary>
            Implementation of cloud storage for the Dropbox platform.
            </summary>
        </member>
        <member name="P:SteamCloudSave.DropboxExtension.DropboxCloudStorage.Name">
            <summary>
            Gets the display name of the current <see cref="T:SteamCloudSave.Core.ICloudStorage"/> instance.
            </summary>
        </member>
        <member name="M:SteamCloudSave.DropboxExtension.DropboxCloudStorage.#ctor(System.String,System.String)">
            <summary>
            Initializes the <see cref="T:SteamCloudSave.DropboxExtension.DropboxCloudStorage"/> instance.
            </summary>
            <param name="appKey">The Dropbox application key.</param>
            <param name="appSecret">The Dropbox application secret.</param>
        </member>
        <member name="M:SteamCloudSave.DropboxExtension.DropboxCloudStorage.InitializeAsync(System.Threading.CancellationToken)">
            <summary>
            Initializes the Dropbox library, and ignites the authorization process if needed.
            </summary>
            <returns>Returns a task to be awaited until the initialization process is done.</returns>
        </member>
        <member name="M:SteamCloudSave.DropboxExtension.DropboxCloudStorage.ListFilesAsync(System.String,System.Threading.CancellationToken)">
            <summary>
            Lists the files available in the Apps remote folder on the Dropbox.
            </summary>
            <returns>Returns an array of remote filenames.</returns>
        </member>
        <member name="M:SteamCloudSave.DropboxExtension.DropboxCloudStorage.DownloadAsync(SteamCloudSave.Core.CloudStorageFileInfo,System.Threading.CancellationToken)">
            <summary>
            Downloads a remote file from Dropbox, as a readable stream.
            </summary>
            <param name="fileInfo">The file information representing the remote file to download from Dropbox.</param>
            <param name="cancellationToken"></param>
            <returns>Returns a readable stream representing the remote file to download.</returns>
        </member>
        <member name="M:SteamCloudSave.DropboxExtension.DropboxCloudStorage.UploadAsync(System.String,System.IO.Stream,System.Threading.CancellationToken)">
            <summary>
            Uploads a local file to Dropbox.
            </summary>
            <param name="remoteFilename">The full filename to be given to the remote file.</param>
            <param name="stream">A readable stream containing the local file content to upload to Dropbox.</param>
            <param name="cancellationToken"></param>
            <returns>Returns a task to be awaited until upload is done.</returns>
        </member>
        <member name="M:SteamCloudSave.DropboxExtension.DropboxCloudStorage.DeleteAsync(SteamCloudSave.Core.CloudStorageFileInfo,System.Threading.CancellationToken)">
            <summary>
            Delete a remote file from Dropbox.
            </summary>
            <param name="fileInfo">The identifier of the remote file to delete.</param>
            <param name="cancellationToken"></param>
            <returns>Returns a task to be awaited until deletion is done, true meaning success and false meaning a failure occured.</returns>
        </member>
        <member name="M:SteamCloudSave.DropboxExtension.DropboxCloudStorage.DeleteManyAsync(System.Collections.Generic.IEnumerable{SteamCloudSave.Core.CloudStorageFileInfo},System.TimeSpan,System.Threading.CancellationToken)">
            <summary>
            Delete multiple remote files from Dropbox.
            </summary>
            <param name="fileInfo">The file information representing the remote files to delete.</param>
            <param name="perFileTimeout"></param>
            <param name="cancellationToken"></param>
            <returns>Returns a task to be awaited until deletion is done, true meaning success and false meaning a failure occured.</returns>
        </member>
        <member name="M:SteamCloudSave.DropboxExtension.DropboxCloudStorage.DisposeAsync">
            <summary>
            Disposes the Dropbox library.
            </summary>
        </member>
    </members>
</doc>
